{
  "hit_rate@5": 1.0,
  "mrr": 1.0,
  "recall": 0.022916666666666665,
  "groundedness": 0.8571428571428571,
  "factual_accuracy": 0.06666666666666667,
  "hallucination_rate": 0.14285714285714285
}