{
  "hit_rate@5": 0.9333333333333333,
  "mrr": 0.6666666666666666,
  "recall": 0.016983016983016984,
  "groundedness": 0.9285714285714286,
  "factual_accuracy": 0.06666666666666667,
  "hallucination_rate": 0.07142857142857142
}