{
  "hit_rate@5": 0.6,
  "mrr": 0.38333333333333336,
  "recall": 0.0020833333333333333,
  "groundedness": 0.5833333333333334,
  "factual_accuracy": 0.0,
  "hallucination_rate": 0.4166666666666667
}